x,y,z
602115.968779,4076929.60355,-61.4409985633
601360.323384,4076929.45134,-64.7150613869
601738.153423,4077464.57356,-47.9708098855
601737.850509,4076393.71007,-104.423537612
602493.545108,4076394.87792,-66.4110436777
602872.042315,4076930.27698,-44.3233272271
602494.09652,4077464.84894,-38.048879569
599848.44686,4076930.37548,-58.6197572846
599092.280846,4076930.34051,-61.2173103016
599470.370013,4077464.96302,-52.4598547164
599470.381855,4076395.78306,-66.1481726878
600226.405786,4076395.93906,-66.7190138769
600604.413879,4076930.11227,-66.9568508061
600226.42803,4077464.84548,-53.2308348088
597958.107976,4077464.69871,-71.3284714234
597201.902315,4077464.32177,-90.4725619636
597580.13058,4077999.2195,-70.7527676923
597579.840146,4076929.76402,-90.8946754205
598336.099771,4076930.17906,-71.9082507817
598714.262722,4077464.8986,-58.3045538715
598336.26364,4077999.4302,-56.244695661
595689.545336,4077463.23052,-137.491440685
594933.46751,4077462.70122,-161.098528567
595311.678353,4077997.96825,-133.817344423
595311.296773,4076927.78496,-167.116814365
596067.383146,4076928.42255,-141.564983889
596445.697658,4077463.80189,-113.351709264
596067.801758,4077998.44262,-111.345400477
594177.459791,4077462.27168,-183.163806096
594555.303454,4076927.29718,-190.639774145
594555.609769,4077997.52057,-155.851901479
609298.141459,4077465.79816,65.6167285245
608164.12793,4078000.30447,53.7945142973
608542.109807,4077465.71177,51.7377276715
607786.084091,4077465.62376,38.4187492076
608164.065317,4076931.03543,36.7530049751
606318.314866,4076414.06476,-1.91171879318
607030.000189,4076396.25685,8.66313476913
606726.267358,4075894.12215,-3.40113252325
606652.02868,4076930.82634,11.0965240802
605897.211298,4076916.3215,0.219995893313
605518.020383,4076396.11466,-11.7135513155
605881.204779,4075820.97393,-15.5381366309
604006.103612,4077465.08619,-18.2953844933
603250.122326,4077465.02304,-26.7430571016
603628.146278,4077999.70367,-10.6980939023
603628.112689,4076930.34976,-35.7467523694
604384.036003,4076930.4611,-26.2602577297
604797.599577,4077515.43363,-6.23529661376
604394.57348,4078026.55005,-1.04197634624
609298.014067,4075327.34117,36.4497543219
609297.954758,4073188.89458,22.1110840096
609297.970666,4071050.72045,32.2077456316
609297.986902,4069981.63295,36.038344818
608919.985546,4069447.09468,31.9454134993
609297.994336,4068912.5403,39.6848884425
607416.839856,4072659.16356,2.54587023657
607785.948181,4072119.84089,4.3627938688
607096.850273,4072119.86082,-3.6659500754
608163.953801,4072654.35869,6.41769397119
607781.355582,4073208.475,4.35836815601
606651.669154,4072654.66527,-3.17930855486
607029.399878,4073190.92074,-28.2761228484
607091.556498,4071050.77459,-5.37762586572
607785.954225,4071050.77979,8.49727651898
607336.995587,4070550.4322,2.83042486315
607333.572968,4071581.70904,3.84857616663
606273.996931,4071050.79228,-15.6057854788
606651.958457,4071585.31403,-10.1344538522
606732.69765,4070491.79077,-6.57676675439
606339.554016,4068912.61259,-4.16751589629
607029.989846,4068912.60811,5.85658117322
606622.860428,4068394.31808,0.0452383559654
606604.731002,4069443.0357,0.661833318867
605435.466755,4068951.86927,-11.8596923776
605896.017811,4069447.16002,-6.11680850743
605896.024374,4068378.07942,-6.89886753044
608541.984242,4068912.55608,28.01158174
608919.991586,4068378.0038,35.3990751847
608163.985682,4068378.01869,23.9422674862
608541.991536,4067843.4703,31.0395419612
607450.197613,4074817.09692,-3.00335813863
608163.934989,4074792.62494,11.6913456125
607809.500445,4074267.71969,-0.672454182205
607785.956611,4075327.13666,10.4481876607
607106.02437,4075367.06005,-4.83872211119
606652.03067,4074792.52195,-19.8152053154
607078.85467,4074320.97393,-15.5381366264
605895.936317,4074792.63069,-23.2401376617
605140.006354,4074792.67192,-32.2804990523
605518.012107,4075326.97869,-22.6258565587
605493.729815,4074320.97393,-27.2798022249
606274.121296,4074257.42169,-19.8085526744
606273.962443,4075327.04752,-14.1129656533
606271.304515,4073193.63497,-69.598747812
605616.857513,4073227.47226,-137.308943128
606008.569511,4073720.97393,-49.3377571924
605883.662351,4072546.46716,-30.1774142883
606748.586774,4073720.97393,-94.4435097421
604352.340399,4073720.97393,-49.7620406748
603704.439952,4073686.14152,-111.780441456
603979.054952,4074320.97393,-105.557572882
604002.593015,4073182.6963,-106.674646701
604766.637341,4073186.40174,-89.4012395181
605139.95412,4073717.5442,-80.7157876771
604761.448172,4074257.91341,-33.7365570668
603622.485764,4072644.8473,-222.507933074
603070.242446,4072653.64697,-290.962649348
603246.208544,4073175.47396,-187.814540442
603252.320024,4072139.33408,-208.201724093
604005.755042,4072129.27998,-230.883067974
604383.458399,4072642.7712,-109.747266761
602609.862798,4073331.64673,-226.008295225
602121.487627,4073187.32797,-311.539563289
602179.273834,4073720.97393,-251.883225397
602503.908281,4072740.04326,-307.059604578
602118.066442,4072579.42857,-242.276612606
602872.239626,4072920.80899,-266.803208261
602848.813262,4073720.97393,-186.243134408
604383.380232,4075861.3605,-44.1400384341
603628.534628,4075859.75933,-66.8339266351
604006.094773,4076395.58042,-49.186547458
604026.021615,4075220.97393,-102.426462058
604761.755069,4075326.94451,-27.550308378
605139.982787,4075861.56313,-19.6994865658
604761.922829,4076396.03197,-26.8278654392
603628.203187,4074790.70137,-130.590035611
602870.986799,4074787.80522,-122.573530398
603250.56465,4075323.48572,-82.9167685074
603309.780013,4074320.97393,-144.69645821
604383.012879,4074790.53215,-59.3366235882
602491.127112,4075323.5962,-117.704293964
601740.26897,4075327.5913,-127.766659916
602114.987398,4075858.51944,-125.723152269
602116.076587,4074788.39926,-164.157891282
602863.596721,4075820.97393,-61.7220213184
605896.013711,4070516.31664,-14.4991321461
605140.004963,4070516.38069,-19.9253555208
605518.094942,4071050.70749,-18.6199185551
605518.02692,4069981.74417,-11.1074416413
606273.997261,4069981.725,-3.28503481248
604384.069286,4069447.14149,-22.0459389106
603628.091829,4069447.20256,-29.7243661998
604006.048712,4069981.79904,-28.1111545423
604006.101465,4068912.62516,-24.3110753914
604762.068288,4068912.60812,-17.0079107151
605140.049379,4069447.15403,-13.3998525592
604762.042294,4069981.77663,-18.5265382279
602872.091613,4069447.1912,-39.2377033934
602116.088845,4069447.28323,-56.2840988367
602494.178233,4069981.59608,-47.6751355787
602494.089194,4068912.64781,-42.9818210497
603250.104142,4068912.62735,-31.7225851453
603250.116595,4069981.88123,-39.7750661372
605502.190049,4072020.94316,-31.512638734
604756.671339,4072199.74643,-199.755855374
605138.143641,4072725.27043,-179.601046802
605138.988448,4071586.47614,-16.4512987752
603249.670243,4071051.99159,-39.1659109452
602494.18157,4071053.32787,-73.8659776989
602870.933233,4071591.02747,-101.702015093
602872.156747,4070516.72388,-51.4525883271
603627.918955,4070516.36867,-44.186561267
604009.933665,4071144.8114,-45.227990447
603627.969144,4071596.24677,-91.7773292821
595688.681089,4075321.0917,-224.130965369
594932.945808,4075320.98773,-247.55655831
595310.912471,4075856.80882,-210.354265282
595404.465657,4074918.06832,-255.312394763
596066.455695,4074784.83353,-242.249300914
596444.493719,4075321.65618,-195.127753465
596066.825731,4075857.40151,-183.264126302
594271.299596,4075454.56169,-258.337706962
594556.743829,4075062.32007,-269.778774178
594179.870763,4074798.17026,-290.135460683
594555.08495,4075856.54908,-233.232438948
595691.417385,4073730.23496,-320.858495905
596068.894245,4073194.80387,-350.733366084
595312.858936,4073193.50749,-355.374745686
595690.534045,4072657.84888,-380.675719406
594179.1469,4073727.68571,-338.454939626
594556.861773,4073192.59095,-358.741437219
594178.684153,4072656.75555,-378.384805427
594177.232714,4076391.85514,-221.502885334
600982.984736,4075327.35715,-71.9524193436
600245.205292,4075220.97393,-71.898131502
600604.547262,4075861.29047,-71.8657266538
600604.714317,4074791.31356,-63.8251197288
601361.074367,4074789.35622,-126.11601287
601361.065682,4075860.22742,-80.0734547033
599848.31605,4074792.40383,-72.969406479
599091.741202,4074792.03249,-84.2543252995
599470.399954,4075326.86899,-78.2057079912
599469.829055,4074255.36016,-66.5486157568
600227.242301,4074251.28804,-95.5441650836
600982.724988,4073428.96252,-232.51734986
600623.904577,4073190.93845,-266.033752563
600499.55211,4073720.97393,-198.194280448
601372.937623,4073776.3607,-168.462210393
601356.454564,4073206.24978,-342.599638445
600986.745206,4072651.60066,-353.301272118
600225.889031,4071866.08027,-245.795686263
599933.281671,4071505.52968,-206.95429718
599779.925332,4072159.32559,-348.407848646
600605.320403,4071609.3854,-183.324576397
600606.400309,4072182.81576,-329.169665654
600228.239782,4072657.32358,-374.224790349
599088.254042,4073697.25638,-183.507065523
598331.632245,4073792.10682,-226.633696015
598711.453037,4074250.83148,-133.18976909
598714.484073,4073457.59975,-268.688051356
599091.926874,4073134.9569,-352.657599352
599586.661155,4073439.70822,-243.856882911
599851.963273,4073700.29406,-140.34504906
597199.699281,4074247.17194,-237.137684902
596538.24539,4074381.70594,-253.287933225
596822.088674,4074785.12356,-211.871062832
596824.603222,4073997.82435,-274.397754428
597205.062578,4073648.77862,-295.156183337
597674.719476,4073846.65838,-256.345686471
597955.158172,4074247.69336,-194.388741606
597577.948396,4074786.46648,-172.214819934
597201.423641,4076394.41379,-117.256909103
596445.178212,4076393.50051,-146.304787598
596823.574655,4076929.13054,-115.305763482
596822.905828,4075858.38122,-152.17666705
597579.2263,4075859.62486,-119.256072071
597957.783458,4076395.21951,-90.9585372795
598713.723424,4075326.33661,-88.6643156989
597956.934295,4075324.67802,-121.362741761
598335.740595,4075860.72486,-90.4306766678
598334.426834,4074789.17649,-124.25833409
602129.929962,4071595.70659,-140.367364754
601360.855564,4071604.24449,-194.95451213
601733.868039,4072126.16229,-235.516582451
601738.321211,4071056.7153,-70.8369044079
602430.367621,4072140.66573,-191.059928491
600603.440197,4069447.12695,-88.7652096486
599845.87547,4069447.93541,-133.252707863
600224.285444,4069981.35641,-108.541193584
600225.09945,4068913.08869,-102.481622153
600981.802412,4068912.64921,-72.6147976197
601359.997366,4069446.94123,-64.2269231671
600928.650571,4070032.77234,-78.4122800448
602116.087398,4068378.07154,-46.7178629437
601359.989607,4068378.09597,-60.6975627608
601738.069057,4068912.63528,-55.6155891894
601738.069652,4067843.4929,-52.2972888054
602494.103457,4067843.47984,-40.4510514089
602872.107039,4068378.06089,-35.4166025668
598428.000038,4069319.4237,-257.939430529
598046.292114,4068792.00986,-244.921346543
597962.259567,4069437.25079,-302.51359155
598710.501111,4068918.78008,-207.063467139
599087.313424,4069451.44682,-202.079765668
598803.616322,4069852.23212,-255.776417241
598342.266569,4069970.93078,-326.59205391
596825.144225,4069977.45042,-380.253761087
597204.226697,4069439.90716,-337.143994798
596447.432443,4069441.90471,-356.099844745
596826.459168,4068904.77135,-311.522345572
599847.082522,4068379.27802,-111.569270811
599090.241614,4068381.57975,-151.638503529
599467.768495,4068914.836,-148.860286046
599469.403912,4067845.3941,-111.513768733
598713.85055,4072657.99924,-388.699143267
599093.550263,4072114.18934,-371.787662509
598337.266575,4072119.86957,-400.473641383
598718.536818,4071579.55485,-365.872781521
597202.424169,4072659.4519,-383.060412785
597580.524079,4072121.66257,-409.936955518
596824.341425,4072122.00634,-408.069648253
597202.575923,4071585.60779,-419.985982334
595690.368868,4071586.00778,-411.2264598
596068.429753,4071050.25563,-414.940475696
595312.442283,4071050.49818,-409.937049814
595690.550516,4070514.77428,-404.811317598
594178.539082,4071585.99456,-400.310366876
594556.510576,4071050.65887,-404.956628031
594178.617715,4070515.46196,-399.416008073
594556.718906,4069979.97145,-390.724518414
594934.952274,4069444.2075,-373.390131036
594178.9074,4069444.89505,-377.380026876
594557.198674,4068909.18187,-356.570962163
595977.070509,4067968.71257,-279.835405107
596448.750839,4068369.99128,-288.28646249
596443.11534,4067763.60796,-249.526519533
596069.754528,4068906.69587,-332.589044927
595692.081441,4068371.84754,-311.248475962
594463.900368,4066903.11659,-274.575734632
594937.230566,4067390.58747,-281.977106258
594932.585044,4066779.91209,-254.83655412
594557.942211,4067838.6679,-311.881354252
594180.158337,4067304.24932,-298.216417828
596066.535535,4066243.71621,-187.248504962
595310.56712,4066244.24538,-218.917860007
595688.375297,4066779.76538,-227.126813478
595688.741503,4065708.42386,-183.9196713
596444.877068,4065707.70581,-150.437950137
596822.721974,4066242.88869,-151.237764506
596444.303256,4066779.23865,-193.844918738
594554.928753,4065173.86287,-210.337925022
594176.86022,4065709.26119,-239.381234155
594177.082285,4064638.92439,-208.449414465
594933.108342,4064638.4655,-182.992759522
595310.936995,4065173.3534,-182.845885734
594932.754096,4065708.95457,-213.596860745
596067.551144,4064102.63083,-133.417904009
595311.35803,4064103.19462,-158.683061495
595689.223449,4064637.86543,-155.61146881
595689.625252,4063568.12813,-138.187467727
596445.845279,4063567.69945,-116.518205238
596823.829261,4064102.09516,-110.161902953
596445.446964,4064637.1616,-127.412186979
600604.017327,4067309.17559,-72.2591198811
599847.960672,4067309.76022,-87.2086318251
600225.733243,4067844.10746,-86.8806816731
600226.140036,4066774.70237,-74.6603273986
600982.134332,4066774.40486,-64.9931632415
601360.073337,4067308.9357,-58.8782192039
600981.960016,4067843.62102,-67.1712981784
602116.127241,4066239.77405,-52.3505112526
601360.101401,4066239.86559,-62.1135411999
601738.103511,4066774.31053,-54.6479847461
601738.156068,4065705.38143,-56.7846742387
602494.125772,4065705.39155,-50.2497615043
602872.062891,4066239.76242,-42.5562600524
602494.09743,4066774.3039,-44.1966425805
600604.233729,4065170.87257,-64.8978858775
599848.265118,4065170.82462,-71.0135889839
600226.264559,4065705.44545,-68.9324669845
600226.425087,4064648.05434,-67.5672757083
600982.201409,4064636.32871,-60.5157208335
601360.189462,4065170.89328,-58.6019844486
600982.217768,4065705.44736,-63.6115014705
602116.183605,4064101.72211,-50.0987864804
601360.180097,4064101.73555,-56.1256252207
601738.175623,4064636.35281,-53.3456685267
601738.185619,4063567.15505,-53.8247192114
602494.151371,4063567.18961,-48.3241369472
602872.131132,4064101.68299,-45.4008748885
602494.136122,4064636.28162,-47.5589889797
598336.193056,4065170.79224,-87.5338311357
597566.151646,4065286.0874,-91.1890429366
597958.040909,4065705.89288,-91.1357893651
597958.297599,4064636.34865,-88.261017848
598714.30846,4064636.37108,-81.5465650084
599092.287486,4065170.69843,-78.4189087394
598714.246622,4065705.32624,-79.9969666111
599848.263952,4064101.78025,-69.9842624703
599092.295607,4064101.81478,-76.5185699297
599470.256127,4064636.33342,-74.5163917714
599470.289118,4063567.21841,-72.5935099174
598334.873939,4067313.58993,-115.788636599
597578.119185,4067314.19729,-162.600675137
597956.014343,4067850.09374,-178.850091228
597956.702589,4066776.72833,-108.82032637
598714.205487,4066775.54428,-77.966457851
599091.935877,4067311.12829,-99.4889567389
598712.851032,4067847.84583,-140.516745514
599848.270034,4066240.16637,-74.335297881
599092.343249,4066240.153,-76.9090334558
599470.303326,4066775.07976,-82.7500586019
599470.307244,4065705.4079,-74.0153890888
600604.239075,4063032.61181,-64.0232752581
599848.279152,4063032.62761,-69.824155695
600226.252303,4063567.19518,-66.507768649
600226.263556,4062498.05139,-67.9541748453
600982.221246,4062498.04542,-62.3151865006
601360.200385,4063032.60346,-58.0253032873
600982.212492,4063567.17131,-60.1723089464
600226.268024,4061428.98792,-70.4822359213
599470.298322,4061428.94932,-76.6727380097
599848.284192,4061963.498,-72.0365192979
599848.279203,4060894.51873,-73.6208012047
600604.272871,4060894.47064,-69.1038423022
600982.230431,4061428.9488,-65.6850586714
600604.245816,4061963.49674,-66.6174079989
602494.105166,4061428.98929,-52.0625423816
601738.158933,4061428.94951,-59.7880799834
602116.141018,4061963.51443,-54.4269104747
602116.117308,4060894.45943,-57.6010846193
597202.348219,4061429.17557,-88.1554024448
596446.168043,4061429.37714,-99.6125059126
596824.177097,4061963.94618,-95.9893796413
596824.312803,4060894.74306,-91.0127176703
597580.41671,4060894.65061,-84.1706757613
597958.421804,4061429.12757,-83.4932918204
597580.3547,4061963.74139,-86.9775367925
599470.344927,4060360.05855,-75.2297693413
598714.420486,4060360.08819,-78.0930865084
599092.390258,4060894.61053,-78.8009052594
599092.394372,4059825.52803,-75.39277009
599848.324275,4059825.51213,-72.2470621465
600226.293596,4060360.0053,-71.1320613012
598336.306806,4063032.69416,-81.9758121687
597580.228642,4063032.79401,-90.741594599
597958.252715,4063567.26463,-86.7226959436
597958.320693,4062498.19907,-85.0461104547
598714.334633,4062498.10179,-78.7993025909
599092.310518,4063032.65046,-75.5647717526
598714.30537,4063567.2397,-78.874176111
594555.53897,4063033.98275,-164.035509656
594177.359719,4063568.9905,-184.760443559
594177.599394,4062499.38884,-166.517707072
594933.721637,4062499.0881,-145.547625387
595311.680043,4063033.6174,-142.110564461
594933.460679,4063568.57935,-161.47191517
594177.777282,4061429.97528,-152.045641962
594555.899025,4060895.2194,-136.498874398
594933.897258,4061429.77085,-132.829807156
594555.753545,4061964.5408,-148.784145419
595690.134994,4060360.42884,-105.652133889
594934.004021,4060360.51163,-122.345753498
595312.025306,4060895.06808,-118.543194335
595312.083326,4059825.82402,-109.422815976
596068.223169,4059825.85298,-93.2863538056
596446.29884,4060360.32064,-92.6173940163
596068.169654,4060894.91695,-102.873902613
594177.900341,4060360.63779,-140.546462132
609298.00906,4066774.38561,45.3654049348
608920.009088,4066239.86117,40.2967040852
609298.020879,4065705.31569,47.4278054641
609298.034021,4064636.23574,49.4016999833
608920.033862,4064101.70271,43.9842104628
609298.046488,4063567.14821,51.7090299251
609298.074736,4061428.96701,57.5563746464
605942.339465,4063032.69394,-3.34726458547
606652.013194,4063032.68308,9.11641363652
606205.42069,4062492.47758,1.77079586615
606235.228122,4063559.11115,1.30846519678
605140.031895,4063032.701,-18.4304105052
605518.012392,4063567.19528,-13.859698907
605518.012547,4062498.15947,-10.7409842233
608542.033381,4063567.16876,38.6644172682
608920.045684,4063032.61475,46.4443770921
608164.033185,4063032.63673,33.4885902146
608542.045775,4062498.08262,41.2825431105
605518.018786,4061429.08032,-8.70103227974
604762.017695,4061429.07134,-21.547827967
605140.01703,4061963.61743,-15.9459052702
605140.015624,4060894.54292,-14.4783258711
605910.297214,4060897.8907,-0.304048388579
606221.180823,4061429.06994,3.76222405695
605950.986848,4061927.50927,-2.05849081427
608164.04727,4061963.55115,36.1875950787
608542.060953,4061428.99227,44.2896525557
607786.049796,4061429.01843,31.1421699038
608164.062965,4060894.45774,39.3896799512
607029.995287,4067843.51175,8.6325472953
607407.994502,4067308.96151,15.5249846964
606652.003933,4067308.98888,5.44263091129
607030.000627,4066774.44184,11.4139957005
606213.889012,4066812.91391,1.41173467535
606652.008283,4066239.92004,6.92422866091
605962.405426,4066238.87409,-0.935757256472
606219.098176,4065671.4526,1.13668131893
607030.006031,4065705.3828,11.4739964822
607408.000693,4066239.90291,17.088883596
605961.752529,4065170.8455,-2.42278155292
606652.014765,4065170.85393,4.25184294964
606274.652906,4064636.36904,-0.573887437183
605140.042749,4065170.8225,-10.105289025
605518.038479,4065705.38141,-5.40002992707
605518.031792,4064636.28778,-8.27369961662
608542.010852,4065705.33769,35.0111730606
608920.021748,4065170.78824,42.0261190038
608164.013621,4065170.81111,29.4671651614
608542.022991,4064636.25713,36.5321505115
607030.012135,4064636.29512,10.9744337374
607408.015391,4064101.7404,18.4111226889
606652.01111,4064101.76096,6.18712876286
607030.014534,4063567.20813,13.6342954051
605140.055864,4067308.99689,-10.4127105544
604384.080932,4067308.97991,-17.9828431841
604762.071973,4067843.53205,-14.71967467
604762.065782,4066774.44836,-13.9250533128
605518.041489,4066774.46201,-5.9385743003
605951.447511,4067309.00582,-2.44277021651
605518.040303,4067843.54107,-8.13189013525
604384.048903,4065170.79936,-20.3687118559
603628.051302,4065170.78606,-32.0944021923
604006.056412,4065705.34029,-24.8075570548
604006.049567,4064636.24842,-27.7450729121
604762.04659,4064636.26096,-17.2622669607
604762.053399,4065705.37007,-13.9042485606
603628.095574,4067308.94882,-26.5746034955
602872.101231,4067308.90747,-36.3653640964
603250.10765,4067843.49551,-30.4121092623
603250.0832,4066774.36304,-33.2815355306
604006.034269,4061429.04558,-33.1014301759
603250.064885,4061429.01908,-43.2042201662
603628.055704,4061963.57139,-37.5533686342
603628.04261,4060894.49855,-39.0978316535
604384.017617,4060894.52055,-27.7709818643
604384.03103,4061963.59791,-27.3524985267
604384.046614,4063032.6535,-26.4986572775
603628.060373,4063032.64987,-36.1453691575
604006.040742,4063567.18008,-29.8516562179
604006.048674,4062498.11935,-32.0515552037
604762.029489,4062498.14784,-22.1853040093
604762.053439,4063567.18545,-21.2255610961
609298.106607,4059290.77381,65.1708647504
609298.140149,4057152.58207,74.2603667022
605530.488242,4059294.05633,0.24064010816
605896.069771,4058756.35674,8.86802478835
605195.870654,4058756.39199,-4.18902072483
606274.062182,4059290.88743,13.1283758303
605831.493289,4059863.1958,3.27496120883
604762.027571,4059290.96553,-16.4158488536
605140.013608,4059825.4836,-11.060294064
608164.078959,4059825.36083,43.2669072149
608542.093111,4059290.79933,51.9680206813
607786.081905,4059290.82603,38.9059286632
608164.095788,4058756.26437,47.6859867471
606652.078275,4058756.32284,21.9187932479
607030.091576,4058221.75871,30.8442937268
606274.085214,4058221.78894,18.0953683416
606652.097677,4057687.22533,27.1800462654
608164.113266,4057687.16908,52.4683905005
608542.127519,4057152.60866,61.3332368946
607786.117537,4057152.63622,48.6092898369
608164.131366,4056618.07613,57.455382595
606652.117099,4056618.13504,32.5832913239
604774.109476,4057156.66198,0.598445085153
605140.11132,4056618.20247,8.4485622935
604459.397888,4056574.57038,-3.04190103213
605518.099078,4057152.72885,11.8776004876
605104.838393,4057706.01144,1.98955792714
604006.088806,4057152.82446,-16.1103138235
604384.062163,4057687.3471,-12.2238320745
603250.113581,4057152.85517,-27.2568006628
602494.133355,4057152.87486,-36.5760437662
602872.114827,4057687.39453,-35.1009152563
602872.130825,4056618.31639,-28.1357095686
603628.109786,4056618.28486,-17.5401341036
603628.107884,4057687.36711,-27.1089609409
603250.066892,4059291.0135,-40.7814165945
602494.104225,4059291.02402,-49.996490392
602872.081745,4059825.52391,-47.9491770403
602872.090616,4058756.49618,-42.4687227763
603628.058032,4058756.46778,-32.3768645568
604006.037135,4059291.00174,-30.0416890006
603628.050474,4059825.51557,-38.5053236767
594934.07349,4059291.18185,-114.885576413
594177.996794,4059291.31024,-132.214485437
594555.991778,4059825.91009,-126.931920506
594556.083497,4058756.59502,-121.025093222
595690.264108,4058221.80565,-97.9852147377
594934.171749,4058221.91677,-111.791777292
595312.16602,4058756.45278,-105.06647273
595312.250331,4057687.30064,-104.457373633
596068.329114,4057687.24658,-92.780170156
596446.36396,4058221.76376,-87.1748972305
596068.289119,4058756.3095,-91.0957080677
594178.17488,4057152.87764,-124.419280673
594556.234575,4056618.28379,-116.674109768
594934.240989,4057152.79335,-110.671993257
594556.173559,4057687.39512,-118.228969631
595312.291283,4056618.22996,-104.20732161
596068.340271,4056618.20675,-93.3541475087
594178.094282,4058222.04358,-127.229266975
600982.226554,4059291.01205,-64.3134469027
600226.291373,4059290.99766,-69.0228961347
600604.267569,4059825.51807,-68.3192266343
600604.258942,4058756.48613,-64.9934394318
601738.147924,4058221.98143,-52.8058728493
600982.235969,4058221.98143,-60.3058092921
601360.185833,4058756.48554,-59.3471892107
601360.186827,4057687.46916,-53.3262827531
602116.135018,4057687.43814,-44.7382729371
602494.109932,4058221.97617,-43.5594412057
602116.126942,4058756.50488,-51.4568324796
600226.275327,4057152.91307,-59.4272383255
599470.327728,4057152.89134,-64.7654039479
599848.308912,4057687.44486,-64.8531898654
599848.294719,4056618.35744,-59.5255131984
600604.245882,4056618.36901,-53.223647963
600982.219935,4057152.9216,-53.1760802694
600604.253399,4057687.46136,-59.7120904939
601360.198099,4056618.36343,-45.9504903058
602116.158942,4056618.34208,-37.5358000873
597202.394204,4057152.74924,-80.5597986239
596446.361849,4057152.7246,-88.4254100013
596824.39041,4057687.25032,-83.8432214405
596824.373229,4056618.21539,-84.3131295871
597580.384032,4056618.24799,-76.9581173437
597958.397787,4057152.79774,-74.5421325134
597580.41847,4057687.29434,-77.5291079614
599092.33895,4056618.33096,-65.2298393569
597202.440291,4059291.01368,-79.6769707428
596446.405991,4059290.94437,-84.6458077974
596824.413321,4059825.68715,-84.6050333136
596824.413596,4058756.33608,-82.311524088
599470.342815,4058221.97493,-69.5695329038
598714.417456,4058221.93186,-72.7817694649
599167.97602,4058731.75676,-73.1637377914
599092.366886,4057687.41878,-69.2377190846
600226.285619,4058221.97529,-65.0978201135
599848.312855,4058756.4793,-69.5419969599
598714.437927,4059290.97919,-75.2631377062
597958.481833,4059291.00866,-76.5640126816
598336.45208,4059825.55744,-77.4780300918
598336.460989,4058756.42922,-74.9448168975
599470.355792,4059290.97495,-72.8724130488
606652.042385,4060894.51048,12.9624581971
607030.055248,4060359.94905,21.5229809165
606274.044063,4060359.9779,8.32364057908
606652.058111,4059825.41608,17.1975274269
608919.963233,4074792.72341,22.3568880252
609297.989266,4074258.12742,23.6594157923
608541.972816,4074258.11949,5.51396441344
608919.951881,4073723.4809,11.5893827811
602116.1707,4077999.48802,-30.1282302327
602872.157727,4077999.61792,-19.9762132431
601360.236864,4077999.40989,-38.2159187199
600604.332867,4077999.45839,-42.4443178719
600982.304044,4077464.65808,-53.5159570868
599848.383604,4077999.55776,-43.8564148073
599092.347652,4077999.53131,-47.3989113992
603250.156765,4076395.81615,-49.1746785658
600982.827852,4076396.01383,-71.2681376749
599834.246996,4075820.97393,-69.5497983841
598714.129542,4076395.67839,-72.809570794
599092.21086,4075861.23238,-74.2619996697
596823.963958,4077998.8805,-89.7350327566
595689.087369,4076392.71739,-174.292102681
594933.121735,4076392.16917,-199.500809357
608920.15614,4078000.39114,67.0899788068
608920.093028,4076931.12223,50.6268970688
609298.077299,4076396.54471,50.2804759061
608542.047482,4076396.44884,36.2267033181
608920.026185,4075861.88638,36.3035999667
605140.109968,4077999.88754,8.30367707497
605896.099374,4077999.99502,18.7813657345
605458.137215,4077442.07133,2.50493630296
606274.062495,4077465.406,14.5851275775
606652.096385,4078000.10494,29.5925313192
607408.106826,4078000.21056,41.2355836869
607030.066041,4077465.52055,25.9333908283
607408.040809,4076930.94272,23.3349955377
607786.021965,4076396.36132,22.2154850066
607407.97809,4075861.69225,7.99929058103
608164.005269,4075861.77957,22.6986428045
605140.035587,4076930.65007,-10.9963900494
608541.975792,4075327.24401,23.2982758727
608541.929891,4073188.88401,7.93528976339
608919.932334,4072654.34098,18.226041898
609297.953949,4072119.79239,27.5600624704
608206.394472,4073727.88991,-0.92058628857
608541.936778,4072119.8166,15.6377286202
608919.951359,4071585.26871,24.0827614099
608541.957301,4071050.74968,20.3833671173
608919.973241,4070516.19101,28.0862212144
608163.941471,4071585.29661,13.1536501106
608163.963275,4070516.21189,16.1984593398
608541.975579,4069981.65216,24.1435719868
608163.97642,4069447.11404,20.6331491978
607785.96412,4069981.67037,13.0810286768
607407.972443,4069447.14023,10.4077529284
607785.980046,4068912.57631,16.9815054675
609298.000363,4067843.45702,42.8222639283
607406.552893,4073724.11661,-47.5745845453
606274.154073,4072119.81729,-17.8643654904
605896.169982,4071585.15472,-18.423895049
606966.63408,4070010.32492,2.53775487719
604739.245447,4070969.89516,-35.2901219859
606308.516617,4067862.10574,-0.702485917068
607407.989104,4068378.04052,12.6366538732
605140.05728,4068378.07616,-12.7534744118
607785.990029,4067843.48608,19.6831384513
604384.086368,4068378.07268,-19.1129352085
608163.993455,4067308.94242,26.5692535744
608919.999056,4067308.9274,38.1710237494
607785.996463,4066774.42099,21.9807154046
608541.99975,4066774.40259,33.3871639266
602452.638425,4074320.97393,-183.052565832
602928.222684,4072486.37814,-288.48534427
604407.612895,4071666.44837,-140.205320702
601651.288857,4072776.56446,-290.200124456
601767.102517,4073533.77216,-338.896401744
601267.570891,4072249.28449,-273.962562707
601677.688495,4074320.97393,-174.44201106
600997.882896,4074335.27512,-121.64933713
604384.073952,4070516.51438,-29.9803913825
603628.106956,4068378.06585,-26.3679659472
604006.096041,4067843.51743,-21.9544735455
602116.422731,4070516.61673,-44.6396348376
601738.327555,4069980.99672,-52.880508991
601360.037316,4070516.52528,-39.8224612569
600980.863851,4071057.19324,-72.794432708
594936.715377,4074710.22448,-278.692884216
595313.87766,4074265.00836,-295.198789193
595690.67323,4074528.16283,-270.173578346
596070.973953,4074177.92026,-282.81398768
597200.520968,4075322.87297,-160.096311368
594557.585242,4074263.58686,-309.02239491
594935.235634,4073728.73959,-330.911265087
596447.767483,4073732.46371,-306.83754442
594934.606632,4072657.23648,-379.372282142
595312.431054,4072121.67524,-398.027584808
596068.354258,4072121.89858,-403.095660335
596446.471701,4072658.60711,-382.040474229
596824.98345,4073196.72953,-344.00634135
594556.527685,4072121.44262,-393.78707907
594934.442071,4071586.02148,-405.268938295
596446.365895,4071585.90421,-417.1924655
597581.10948,4073199.81052,-334.34318608
599853.186921,4073129.18604,-328.393024258
600226.371438,4073426.41639,-238.27527338
599471.805015,4072655.0302,-437.659249208
600979.23804,4071871.68555,-241.067351645
599366.039174,4071641.57564,-291.069121292
600222.896604,4071056.48046,-99.6370815357
599010.929561,4071170.58498,-299.332382185
599461.610906,4071059.71798,-217.991673865
599143.214158,4070524.20905,-228.793955325
599844.252805,4070516.66683,-140.916961337
600603.138274,4070516.12497,-72.693898483
598336.912587,4073205.46418,-323.214998462
597958.536061,4073480.62136,-291.831737645
597958.378463,4072659.97323,-383.482849815
600603.68679,4068378.34178,-81.2007538514
599465.250971,4069983.26187,-177.409698974
602116.098027,4067308.88747,-47.0594811247
597582.042617,4069975.26059,-364.942899109
597960.752328,4070511.54073,-397.724430647
598737.013917,4070558.40877,-318.324783817
597584.861392,4068991.02114,-286.729036564
598333.529463,4068384.86084,-196.970750033
598341.105489,4071049.54181,-396.0273052
597202.951599,4070513.3563,-402.23690314
597577.393594,4068387.09856,-240.247802371
597202.581989,4068635.10222,-277.613857561
597581.150603,4071049.50809,-414.794536182
596918.895966,4068249.54886,-261.828663384
597199.76079,4067851.19016,-220.204536662
596068.834466,4069978.63507,-387.375370317
596446.640686,4070514.2107,-405.585228083
595691.094328,4069443.25822,-366.977758456
596824.556565,4071049.9043,-417.882306152
595312.729326,4069979.41602,-390.084217551
595313.38622,4068908.13218,-346.763991149
597959.561768,4071584.65039,-410.398519535
594934.560724,4070515.17249,-402.247546051
594179.44524,4068374.34943,-340.792512336
594935.678695,4068373.27693,-328.148899218
595314.374278,4067837.33861,-292.955639018
595690.670795,4067575.99305,-267.510048213
596066.180685,4067315.53442,-238.990095771
596822.027038,4067315.08027,-204.500405689
595404.687179,4067181.83477,-257.224594331
597200.441214,4066778.21883,-154.903012809
594178.76668,4066507.1462,-267.307273306
594554.718784,4066244.49516,-245.866249324
596067.053685,4065172.66882,-152.50486092
596823.288942,4065171.8723,-119.958301545
597201.26349,4065707.02481,-114.669269876
597579.202977,4066241.63679,-114.297045854
597201.828256,4064636.44458,-101.548298718
598335.855244,4066240.25108,-84.8783349977
594555.248449,4064103.69486,-183.723058577
596067.862661,4063033.26996,-121.461719771
596824.063492,4063032.98779,-103.807191179
597202.0828,4063567.38853,-98.8084858228
597580.143216,4064101.80422,-92.9334769329
595689.875897,4062498.79956,-125.560230287
596446.047492,4062498.565,-107.781891521
597202.222202,4062498.37655,-93.9808457962
598336.294386,4064101.8137,-83.2890479647
600604.226438,4066239.98209,-68.0875168127
602116.149503,4065170.868,-52.0054060253
602872.079658,4065170.82106,-43.6460827266
603250.046955,4065705.31896,-37.5375890241
603628.064185,4066239.8532,-29.6005201477
603250.068432,4064636.23851,-38.9758821947
604384.065893,4066239.89617,-18.7228977108
604006.07952,4066774.41883,-22.8983879675
600604.222344,4064101.76046,-63.3919388724
602116.161055,4063032.62162,-51.9193703701
602872.106991,4063032.65232,-45.0532874383
603250.073035,4063567.20639,-40.8996432197
603628.048924,4064101.71019,-34.8016031809
601738.175267,4062498.05501,-56.2846643135
602494.125722,4062498.08301,-49.487241528
603250.07864,4062498.10464,-41.4005549253
604384.047061,4064101.72451,-23.7057117056
599470.304596,4062498.06141,-73.4103782007
601360.196,4061963.49126,-61.0191035444
599092.339661,4061963.50671,-77.1843508832
600982.253303,4060360.02193,-67.5698716907
601360.204759,4060894.39225,-65.5474073094
598714.397233,4061429.03531,-80.1580501947
598336.371661,4061963.58904,-81.705662242
598336.43009,4060894.61187,-80.7882447285
601360.194707,4059825.54418,-63.4506907455
601738.143719,4060360.02927,-62.0213414818
602408.115762,4060422.71137,-54.5988177014
602872.076489,4060894.48218,-48.8176866809
602872.092998,4061963.54595,-46.6134929686
602116.125103,4059825.53583,-56.4205605393
603250.061408,4060359.98176,-44.6295982899
597202.408931,4060360.18254,-84.7206144012
597958.445874,4060360.11755,-80.5103936364
596068.033681,4061964.07752,-111.432924428
595690.034494,4061429.57617,-115.055387284
597580.456148,4059825.60899,-79.9302510154
595311.888443,4061964.29533,-129.267263587
595690.145881,4059291.0566,-97.9703607356
608164.002004,4066239.88175,28.375307789
607786.005646,4065705.36114,22.9726330926
608164.023319,4064101.72239,31.0946874855
607786.015704,4064636.27752,23.7920346552
607786.022765,4063567.1884,25.8954138171
609298.059748,4062498.0591,54.4320125608
608920.059768,4061963.52579,49.3105607367
608920.075397,4060894.43198,52.6240959498
609298.090527,4060359.87112,61.1358079762
608542.07685,4060359.89643,47.8488331849
608920.091407,4059825.33505,56.4555049439
605964.905889,4064101.76634,-4.20566090253
606652.029165,4061963.60091,10.2015234221
607030.026267,4062498.13278,15.7516840863
607408.023186,4063032.65945,20.9109270434
605140.037687,4064101.72548,-15.3204039477
607030.040281,4061429.04426,18.0030839556
607408.037517,4061963.57728,23.2092260639
607786.034558,4062498.10735,28.3813322365
605578.129395,4060360.00627,-4.37579212836
604762.012025,4060359.9996,-21.1834642641
604006.03172,4060359.97982,-34.3173938135
604384.020948,4059825.51012,-27.5672919887
607408.052527,4060894.48394,26.2112234993
607786.065423,4060359.92241,34.6661622119
607408.068342,4059825.38759,30.1842689357
605140.052453,4066239.91665,-9.61728400038
607408.01018,4065170.83408,17.0223737341
608920.107822,4058756.23805,60.74510239
609298.123104,4058221.67715,69.580863542
608542.11003,4058221.70329,56.5108975653
608920.124785,4057687.14237,65.3706260909
608920.142405,4056618.04856,70.2121693412
605441.031897,4058265.25381,3.42084925793
607030.072344,4059290.85474,25.9590808631
604384.040063,4058756.43936,-19.8515063578
604762.060306,4058221.87227,-8.78639181234
605896.091846,4057687.25561,14.7579039113
607408.086105,4058756.2923,34.7664383202
604006.058891,4058221.89692,-23.4301216789
607786.09957,4058221.7302,43.6118436399
607408.104347,4057687.19676,39.7466851244
606274.10454,4057152.69478,23.7883255021
607030.110043,4057152.66478,36.0876386238
605896.113618,4056618.16763,20.4775970104
607408.122965,4056618.10484,44.9109892256
603250.090832,4058221.93871,-34.3000398086
601738.168075,4057152.90588,-45.5215160225
601738.156036,4059291.02453,-58.0050121939
595690.306683,4057152.73848,-98.5106230612
597202.424225,4058221.79501,-79.9397622924
597958.444176,4058221.85445,-75.5401183243
597580.457734,4058756.36002,-76.9995794021
598714.372903,4057152.85165,-69.5879717765
598336.410341,4057687.35943,-73.0755731509
598336.371353,4056618.29132,-70.8223259676
597571.811955,4059114.5766,-77.4652442123
605443.957219,4059694.60306,-3.0769391908
601759.994483,4064280.24705,-52.5361929651
604800.397314,4065402.09072,-13.9299756384
598447.038389,4066925.8638,-89.0775440362
600241.213312,4071431.67615,-150.506286466
605047.177088,4070896.04163,-26.4445887666
599471.993691,4072233.17911,-382.715172153
604132.095111,4071732.52784,-136.874606659
606296.329545,4071830.47881,-13.8277911534
604367.705056,4072293.03509,-180.922702831
604878.832785,4072787.46287,-166.307588866
604830.212,4072799.12395,-123.131552761
600292.272026,4073887.49167,-169.468697696
605114.44273,4073347.97012,-143.933623418
604060.992379,4073600.62691,-73.0466765596
602521.334173,4073969.89453,-171.519026313
600706.158184,4074405.24161,-75.1437176831
607359.711807,4073426.48595,-7.60522234187
602413.460779,4072484.22433,-219.850423635
607842.062934,4074020.97393,-9.27591497301
607466.329635,4074020.97393,-26.4970245175
607031.888008,4074020.97393,-49.9803557145
602910.563383,4074020.97393,-172.876455646
601008.413556,4074020.97393,-125.127015545
605599.404805,4074620.97393,-26.4970245193
603967.313287,4074620.97393,-111.037016829
602476.121756,4074620.97393,-159.569234636
601642.463498,4074620.97393,-150.175902157
600902.738566,4074620.97393,-96.9470181103
606386.0964,4074920.97393,-16.3209143348
604883.163204,4074920.97393,-39.0214678252
604096.471608,4074920.97393,-96.9470181112
601795.105151,4074920.97393,-146.262013625
600937.963562,4074920.97393,-73.4636869142
607360.654645,4075220.97393,0.117417502206
605047.546522,4075520.97393,-24.9314691088
603697.254978,4075520.97393,-93.0331295802
602898.821717,4075520.97393,-73.463686916
602041.680129,4075520.97393,-137.651458854
601313.696862,4075520.97393,-94.5986849933
601724.655158,4076120.97393,-111.81979454
600185.098544,4072062.1499,-299.712470558
603011.887868,4063979.9962,-43.9447613068
600350.880282,4076120.97393,-67.9842429718
606418.490991,4072418.19525,-21.339795979
602194.321781,4076720.97393,-67.201465267
601172.796874,4074920.97393,-115.733683069
601172.796874,4075220.97393,-82.8570193939
602112.130122,4076420.97393,-77.3775754515
605083.804545,4070270.24167,-17.6109301817
606750.088034,4074020.97393,-44.5009117685
604572.139734,4072493.25646,-162.839158914
607311.091021,4073438.14703,-35.2793852983
603284.441131,4060212.53578,-43.8636375807
600787.192826,4074385.80648,-97.2872316435
603475.105025,4071273.08331,-51.8515400356
601051.559736,4071237.32478,-99.6109734262
606879.246355,4074620.97393,-21.0175805733
601233.600104,4058236.34285,-58.1294795625
601814.504338,4072288.37278,-234.212785217
600890.709415,4072509.93335,-352.633236784
604824.454876,4074020.97393,-39.8042455291
606396.197602,4073720.97393,-101.480145892
599571.67319,4074677.33354,-78.4252462143
603881.497202,4072409.64591,-237.364494687
605095.204251,4072495.44501,-183.872441044
604920.849412,4072494.71549,-210.994304844
600833.375683,4071906.6688,-260.988881975
603150.761328,4069499.82708,-35.4792180865
600092.113001,4060978.17545,-71.7805602584
606992.941956,4069812.35912,3.86036402614
604155.179936,4074020.97393,-67.9842429655
596226.026567,4059437.34626,-88.2032262322
603438.938335,4075820.97393,-63.2875767315
602924.069457,4071405.24224,-88.3644520027
603150.966456,4071350.82386,-64.0176109851
606147.913922,4070015.02845,-4.72863931951
601556.719628,4073720.97393,-234.598818546
599636.337104,4066640.62549,-80.4864859645
601403.056108,4074238.09943,-132.733814502
601516.504608,4074210.89024,-153.771424803
602844.253779,4072658.41568,-292.680030259
602131.148926,4072829.44489,-287.119983026
600123.670326,4073720.97393,-173.954306648
602793.146727,4076120.97393,-62.5047990258
606444.804728,4075220.97393,-13.1898035094
599213.9018,4073529.10985,-226.131330079
605344.282592,4072496.48718,-86.4551343368
601368.204323,4071778.39689,-224.475404657
600127.764812,4071458.88535,-171.535981858
601853.813479,4075220.97393,-131.389237201
605008.488213,4072756.36665,-205.058314284
601151.239235,4073681.47921,-183.890107968
599653.818095,4073720.97393,-131.178779302
602135.613453,4074620.97393,-169.745344821
603579.838322,4074920.97393,-120.430349308
603892.774611,4065619.77259,-26.8113325341
601232.501169,4066257.80565,-63.309039653
600396.595883,4070160.37895,-93.4373854029
603462.421666,4075220.97393,-101.643684352
604930.129866,4074320.97393,-31.1936907578
604618.302965,4071615.91701,-77.1117117215
604796.579178,4071573.15971,-49.4420715707
605007.269249,4071522.62835,-29.5228026438
602323.480103,4074920.97393,-146.262013625
605064.60298,4072125.8929,-89.0631610027
604918.740624,4072160.87615,-145.516825224
605194.258408,4072094.79668,-47.0003781153
602710.955068,4074320.97393,-147.827569036
602934.046714,4074320.97393,-148.610346743
603485.904997,4074620.97393,-131.389237199
604119.95494,4074320.97393,-75.0292423255
604613.104895,4074320.97393,-48.4148003023
606216.513867,4073083.65224,-59.83745588
602358.7051,4075820.97393,-100.07812894
599399.671995,4072867.53989,-411.254045616
604671.813223,4075220.97393,-33.5420238802
606427.858714,4065011.76461,1.10166748459
603368.488341,4075520.97393,-73.463686916
601515.285644,4072977.15194,-342.450217716
601628.734143,4072949.94275,-300.386869478
605381.247568,4072666.96501,-95.4749156765
605543.316853,4072628.09474,-66.6976758147
606303.904741,4074020.97393,-39.8042455291
601406.601054,4060662.91206,-65.3347449952
602026.413373,4073471.57972,-314.550691427
607772.379001,4072710.4976,2.10219463098
600867.513569,4075820.97393,-75.8120200366
601031.896887,4077020.97393,-64.0703544417
598182.97559,4061436.058,-82.5219045573
606888.491916,4072305.47145,-6.96474446514
605582.83068,4065214.43394,-5.3413458793
602829.764169,4057853.52302,-36.6600532875
601360.710341,4072397.20955,-276.26426109
601525.081363,4072480.50726,-274.647658658
601912.521807,4075820.97393,-122.778682431
601595.496836,4075820.97393,-93.8159072876
597056.271544,4061706.28377,-91.1125890425
604601.363229,4075820.97393,-32.7592461754
601773.377535,4071681.2212,-200.134782497
602605.280077,4075520.97393,-82.8570193948
600256.946958,4074020.97393,-137.65145885
599131.018376,4064910.77384,-78.3037633819
607161.04633,4075520.97393,-1.44813791183
604425.238245,4075220.97393,-49.9803557181
601149.313543,4074620.97393,-121.213127014
606579.341311,4071145.58668,-11.8650918972
605768.994887,4071339.93805,-18.4790305237
606172.918663,4063221.86279,1.13989443162
601936.005138,4074020.97393,-232.367561345
601588.826304,4073576.52946,-314.535426958
599939.921987,4076720.97393,-61.7220213211
602276.513441,4075220.97393,-139.999791973
602898.821717,4074920.97393,-112.602572243
602816.630058,4075220.97393,-101.643684352
603509.388328,4074020.97393,-139.217014263
603274.555017,4074020.97393,-165.04867858
599804.845207,4072770.3642,-393.555629619
599959.42051,4073350.30658,-252.72616086
600527.005266,4076720.97393,-68.7670206802
600667.905254,4075220.97393,-72.6809092085
604192.063834,4059994.85391,-30.982280685
602429.155093,4075520.97393,-116.516460777
598160.801003,4065143.46825,-89.0395038825
599611.581029,4074050.74683,-84.20330722
604483.946573,4074620.97393,-67.2014652608
605341.339729,4073293.55173,-139.513400886
602024.057282,4069770.05284,-56.9458424623
599690.329409,4070329.76807,-156.481460298
604260.854927,4074920.97393,-60.1564659026
606436.981462,4068711.66859,-3.26975506551
604249.113261,4075520.97393,-63.2875767306
604026.021615,4075520.97393,-88.3364633408
600045.596977,4076420.97393,-66.4186875596
607211.411522,4070993.9926,-3.03086569221
608335.212889,4074020.97393,-0.66536020077
602243.378461,4071568.4974,-121.551738083
602616.137816,4071479.09577,-111.601431906
601630.721833,4075520.97393,-121.995904723
600104.305305,4077020.97393,-59.3736882023
602803.126976,4072051.2641,-161.183003828
603516.231829,4071880.23489,-171.171188502
600832.288572,4075520.97393,-78.1603531554
601501.563511,4076120.97393,-83.6397971032
607466.329635,4074620.97393,-3.79647102883
599763.797003,4075220.97393,-77.3775754479
599706.384672,4071559.94806,-247.906653603
600656.163588,4076420.97393,-67.2014652661
604919.959588,4073394.61445,-118.465048921
605658.113133,4075220.97393,-21.8003582817
605705.079795,4074920.97393,-26.4970245202
600010.37198,4076120.97393,-71.1153537981
607194.946393,4073720.97393,-78.0310045492
602346.963434,4076120.97393,-88.3364633426
603544.613325,4076120.97393,-53.8942442536
601525.046842,4076420.97393,-98.5125735288
604225.62993,4076120.97393,-50.7631334273
603925.170881,4057590.80352,-21.6315856503
608029.929584,4074020.97393,1.68297291893
607764.885019,4073329.31026,-2.08418430792
607302.378075,4072823.2214,-3.41658200012
598914.750704,4070515.78084,-268.421754611
607504.355199,4072157.7644,0.763012730251
605859.96144,4073169.16685,-147.280732632
606070.65151,4073118.63549,-110.755948299
602590.394535,4073720.97393,-221.964932319
604651.935786,4072841.88125,-88.8072687325
602736.50445,4070833.21202,-62.6907292948
601985.368419,4071013.36253,-69.1331822788
604061.246612,4075820.97393,-63.2875767315
603443.910133,4072514.59566,-239.563298938
602229.609461,4074039.86102,-190.328434126
603603.321653,4074320.97393,-139.999791971
605376.313159,4074020.97393,-33.5420238766
599810.763665,4074920.97393,-75.0292423273
604092.187272,4072359.11456,-210.803019598
604165.311777,4072491.55425,-152.876025274
607219.754658,4074920.97393,-9.2759149757
601454.596849,4075220.97393,-100.860906645
602018.196797,4074320.97393,-187.749232071
604563.407162,4073480.12905,-50.9235152247
604725.476447,4073441.25878,-64.213581056
601560.271839,4076720.97393,-75.0292423327
599278.382301,4061173.33851,-78.223386829
604849.307861,4059837.22221,-18.1024181355
605562.209893,4073720.97393,-44.605245272
601478.08018,4074020.97393,-161.917567754
604707.604246,4057403.14674,-2.3130059824
602869.173654,4073269.45429,-196.127413108
603200.806205,4072572.90107,-267.230677686
603159.679402,4071965.74949,-160.088407183
602898.821717,4074620.97393,-135.303125732
606848.584077,4072932.05817,-10.0429583423
600469.329275,4072610.99607,-367.00998435
603474.163332,4076420.97393,-48.4148003085
603759.335756,4071821.92947,-137.968637953
599302.540057,4070422.77446,-210.787162034
601442.963948,4073611.51271,-227.074624335
600052.325202,4070242.94794,-125.629289855
606209.971416,4075520.97393,-13.9725812169
602188.482658,4073432.70944,-283.559382845
598623.908689,4070585.53564,-368.238843358
600491.78027,4074620.97393,-77.3775754461
604671.813223,4076120.97393,-31.9764684697
606410.997008,4073037.00791,-26.6332092782
604366.486092,4071059.29679,-50.7755999643
606444.804728,4074320.97393,-23.3659136921
604207.479176,4070480.41727,-30.4921002841
599740.313671,4075520.97393,-74.2464646226
602587.815618,4072484.95384,-255.828406226
603371.588437,4073148.95643,-182.860526656
603679.520078,4073075.10291,-156.302443671
600541.650971,4071976.63529,-278.691255427
601422.016396,4071148.47542,-82.0124844485
602991.335099,4073857.17073,-180.391696366
600468.11031,4071377.25777,-130.58758289
603477.542954,4073740.5599,-127.271007591
603202.02517,4073806.63937,-158.258358718
602609.583892,4065927.52971,-48.2788908763
601174.940146,4073058.77952,-333.582070468
605792.695798,4070717.23836,-16.5072856562
605390.485298,4063409.51958,-16.0326952545
607105.457005,4070402.38913,1.15947070167
604308.762709,4069222.09504,-22.5963668445
604133.314075,4072966.26614,-105.394692915
602399.172728,4073382.17808,-261.426045197
601085.192557,4072463.28902,-316.107887101
607547.335566,4073720.97393,-31.2417362261
607829.246904,4073720.97393,-14.1095379965
600824.662737,4071291.74316,-143.88443293
600889.490451,4071276.19505,-125.067110207
603791.188303,4074020.97393,-95.3814626954
598831.210534,4071769.84755,-368.542869942
600113.995812,4073930.24897,-139.572551109
601595.496836,4074920.97393,-121.213127015
603487.64048,4070653.06151,-47.6643163837
607583.746291,4074320.97393,-4.5792487345
599050.613551,4072334.24183,-380.486404314
604388.97059,4063649.72026,-24.6226325666
599976.846402,4074580.15785,-77.3323456218
594002.783437,4077709.52722,-180.162220456
594002.783437,4077462.19984,-187.809200914
594002.783437,4077214.96324,-196.338687395
594002.783437,4076927.06169,-206.018914395
594002.783437,4077997.24368,-171.075378544
594002.783437,4075683.22724,-254.958845289
594002.783437,4075333.89027,-269.461016356
594002.783437,4075856.53006,-247.237829961
594002.783437,4075007.34267,-284.326366598
594002.783437,4073477.88407,-349.153515172
594002.783437,4073192.09934,-360.690616407
594002.783437,4072905.92717,-370.477111707
594002.783437,4076391.8258,-225.883631557
594002.783437,4076144.76095,-235.763268386
594002.783437,4076638.90887,-216.968189753
594002.783437,4071337.09318,-400.540060991
594002.783437,4071050.73711,-401.914917314
594002.783437,4070764.45771,-400.06176686
594002.783437,4065174.09849,-228.197853871
594002.783437,4065462.75838,-237.265927835
594002.783437,4064885.68212,-220.592360311
594002.783437,4063034.23024,-180.115250105
594002.783437,4063322.00031,-185.347061075
594002.783437,4062746.68304,-175.53820219
594002.783437,4061677.48078,-159.922907157
594002.783437,4061430.02388,-156.62091364
594002.783437,4061182.47871,-153.656143655
594002.783437,4060895.34484,-150.41661968
594002.783437,4061964.72354,-163.617787814
594002.783437,4060360.67389,-144.898152096
594002.783437,4060112.96885,-142.643074616
594002.783437,4060608.30592,-147.483357677
594002.783437,4057400.89879,-128.546483793
594002.783437,4057152.90127,-127.855940054
594002.783437,4056904.86152,-127.188996325
594002.783437,4056618.34032,-126.713337173
594002.783437,4057687.47775,-129.271484308
594002.783437,4058222.07421,-131.00783682
594002.783437,4057974.12752,-130.052189536
594002.783437,4058469.96981,-132.145302795
594002.783437,4078284.69201,-162.949215916
594002.783437,4074797.94653,-293.141213396
594002.783437,4074547.53502,-303.979340977
594002.783437,4074262.81963,-316.872026609
594002.783437,4073977.41358,-329.707939982
594002.783437,4073727.50631,-339.844108293
594002.783437,4072656.66797,-378.258823212
594002.783437,4072407.58977,-384.059722785
594002.783437,4072121.28972,-391.438914227
594002.783437,4071834.91911,-395.785827321
594002.783437,4071585.98482,-399.438761965
594002.783437,4070515.51189,-398.858517512
594002.783437,4070266.46811,-395.324326694
594002.783437,4069980.27153,-390.650201161
594002.783437,4069694.29665,-383.547962784
594002.783437,4069445.01376,-378.022899858
594002.783437,4069195.51213,-370.985741396
594002.783437,4068909.74894,-361.772025444
594002.783437,4068624.44927,-351.472270426
594002.783437,4068374.53757,-343.067969627
594002.783437,4068124.32307,-334.202113871
594002.783437,4067839.42075,-322.759063003
594002.783437,4067555.18134,-311.564861502
594002.783437,4067304.46704,-302.048108047
594002.783437,4067053.42568,-292.98832196
594002.783437,4066810.30229,-283.290905107
594002.783437,4066630.0043,-276.550583616
594002.783437,4066261.94484,-263.631901576
594002.783437,4066132.25777,-258.801624803
594002.783437,4065955.76694,-252.895184943
594002.783437,4065688.89674,-243.87358338
594002.783437,4064638.99574,-213.788094646
594002.783437,4064392.22438,-207.998373102
594002.783437,4064103.98477,-201.077007254
594002.783437,4063816.02577,-195.24528802
594002.783437,4063569.06824,-189.929442511
594002.783437,4062499.45378,-171.379913188
594002.783437,4062252.11903,-167.696846853
594002.783437,4059826.00674,-140.204611411
594002.783437,4059539.11556,-138.172919748
594002.783437,4059291.34316,-136.329469977
594002.783437,4059043.51026,-134.818186117
594002.783437,4058756.69623,-133.324097567
609525.832309,4077787.82258,74.8906781861
609525.832309,4077465.82418,69.9749119967
609525.832309,4077143.77619,65.2105892017
609525.832309,4075649.51758,44.9357548711
609525.832309,4075327.36012,41.044171253
609525.832309,4075005.16736,37.1562075359
609525.832309,4073511.14812,26.8783112074
609525.832309,4073188.90387,27.0455033464
609525.832309,4072866.65246,28.0165728356
609525.832309,4071372.93384,34.7354455091
609525.832309,4071050.71477,36.0657558058
609525.832309,4070728.50325,37.1370833908
609525.832309,4069659.43168,40.865787464
609525.832309,4069447.08125,41.6436042889
609525.832309,4069234.7269,42.3143549321
609525.832309,4066452.223,49.7817879541
609525.832309,4066239.84575,50.230535855
609525.832309,4066027.46114,50.6011407846
609525.832309,4064314.1033,54.0238929156
609525.832309,4064101.68603,54.4714327947
609525.832309,4063889.26149,54.9407111264
609525.832309,4061751.04163,60.6076753951
609525.832309,4061428.95976,61.6036348488
609525.832309,4061106.89032,62.6363951647
609525.832309,4059612.80491,67.9496223307
609525.832309,4059290.76641,69.1970131594
609525.832309,4058968.74165,70.4716953658
609525.832309,4057474.56542,76.7934472994
609525.832309,4057152.57436,78.2153312752
609525.832309,4056830.59799,79.6328269781
609525.832309,4078213.13323,81.6929607105
609525.832309,4078000.45973,78.2455167783
609525.832309,4076931.19403,62.0966138939
609525.832309,4076718.65145,59.1135166021
609525.832309,4076396.57113,54.725363516
609525.832309,4076074.44749,50.4319749515
609525.832309,4075861.96072,47.7045423259
609525.832309,4074792.75721,34.5894870206
609525.832309,4074580.35289,32.0746136916
609525.832309,4074258.13683,29.0256970669
609525.832309,4073935.89444,27.4931179912
609525.832309,4073723.50581,26.3591391597
609525.832309,4072654.33797,29.1905265587
609525.832309,4072442.02742,30.1807991662
609525.832309,4072119.79137,31.6704900293
609525.832309,4071797.55888,32.8895451676
609525.832309,4071585.25173,33.9546533618
609525.832309,4070516.17268,37.9426100884
609525.832309,4070303.8307,38.6586016089
609525.832309,4069981.62766,39.832826008
609525.832309,4068590.35098,44.345091738
609525.832309,4068377.9931,45.0295671194
609525.832309,4068912.53613,43.4154929433
609525.832309,4068165.63306,45.5914472841
609525.832309,4067843.45312,46.5436007311
609525.832309,4067521.28062,47.3265376172
609525.832309,4067308.91594,47.8870983481
609525.832309,4067096.54722,48.3368502104
609525.832309,4066774.3807,49.1290584738
609525.832309,4065705.30952,51.2791155116
609525.832309,4065383.16729,51.8876976506
609525.832309,4065170.7707,52.2847428081
609525.832309,4064958.36547,52.6719413933
609525.832309,4064636.22935,53.346311913
609525.832309,4063567.14186,55.7082629711
609525.832309,4063245.03314,56.4981755806
609525.832309,4063032.59727,57.031263271
609525.832309,4062820.15381,57.5802564425
609525.832309,4062498.05227,58.4605517218
609525.832309,4062175.96237,59.3659726532
609525.832309,4061963.50649,59.975417808
609525.832309,4060894.41207,63.3317845531
609525.832309,4060681.92455,64.059110132
609525.832309,4060359.86377,65.1829723784
609525.832309,4060037.81612,66.3456294087
609525.832309,4059825.31508,67.1341161664
609525.832309,4058756.21793,71.3410182411
609525.832309,4058543.68492,72.224930052
609525.832309,4058221.66963,73.5733728105
609525.832309,4057899.66859,74.9328586459
609525.832309,4057687.12176,75.8621378188
609525.832309,4056618.02732,80.6013174031
609525.832309,4056405.44668,81.5622270949
606492.370833,4056392.23295,31.1271294854
606811.863029,4056392.23295,36.2804146067
595472.119312,4056392.23295,-101.768349817
595152.464059,4056392.23295,-106.58138058
595908.528871,4056392.23295,-95.5036467173
596228.150814,4056392.23295,-91.3143300087
601520.093984,4056392.23295,-42.7233585398
601200.303343,4056392.23295,-46.1455431066
601956.277077,4056392.23295,-37.8682313875
602276.042363,4056392.23295,-34.0298096202
599252.214546,4056392.23295,-63.0734259677
598932.461343,4056392.23295,-65.7207561599
599688.402099,4056392.23295,-59.781957462
600008.186358,4056392.23295,-57.018284562
608760.456074,4056392.23295,68.5626023974
608323.836492,4056392.23295,61.1952401391
609079.82851,4056392.23295,73.9719082226
608004.425925,4056392.23295,55.8750897597
607567.847954,4056392.23295,48.6310612381
607248.397592,4056392.23295,43.3986166149
606055.882067,4056392.23295,24.1378359885
605736.345225,4056392.23295,19.0232564615
605299.904008,4056392.23295,12.0789742161
604956.189674,4056392.23295,6.48419386005
604550.64073,4056392.23295,-0.499872773418
604291.022383,4056392.23295,-4.76106216529
603787.955828,4056392.23295,-13.3664367501
603468.265755,4056392.23295,-18.206935931
603031.996951,4056392.23295,-24.3214226052
602712.265281,4056392.23295,-28.6057194158
594396.372524,4056392.23295,-119.133609331
594716.098524,4056392.23295,-113.776673549
596664.558687,4056392.23295,-86.0955448904
596984.185387,4056392.23295,-82.5271291841
597420.552208,4056392.23295,-78.2818223063
597740.212684,4056392.23295,-75.2263383986
600444.347037,4056392.23295,-53.3822665684
600764.144598,4056392.23295,-50.3418888163
598496.223908,4056392.23295,-68.9480173934
598176.515782,4056392.23295,-71.6851399394
594119.435055,4056392.23295,-124.157011671
594002.783437,4056392.23295,-126.272969514
609516.488148,4056392.23295,81.4616809222
609429.660419,4056392.23295,79.9723746138
609525.832309,4056392.23295,81.6225671217
602389.874657,4078386.63988,-17.8762031496
601842.494244,4078386.63988,-24.2467524487
602598.53884,4078386.63988,-15.0748828937
603184.178725,4078386.63988,-7.95392789087
601633.973163,4078386.63988,-26.4772159796
601086.519483,4078386.63988,-31.3044261827
600878.048299,4078386.63988,-32.4708704085
600330.607814,4078386.63988,-35.5367744113
603415.161603,4078386.63988,-5.119668831
603901.708638,4078386.63988,0.575575173018
600122.07552,4078386.63988,-35.9268335309
599574.659876,4078386.63988,-38.7702164064
599366.083731,4078386.63988,-39.7474047291
598818.600733,4078386.63988,-44.5996777092
598610.086474,4078386.63988,-47.038752316
598062.446349,4078386.63988,-55.0698127511
597854.098818,4078386.63988,-59.0664536015
597306.179644,4078386.63988,-70.2303443887
597098.143611,4078386.63988,-75.450951152
596549.812516,4078386.63988,-88.9919707409
596342.241522,4078386.63988,-94.9214864545
595793.394996,4078386.63988,-109.831052302
595586.397535,4078386.63988,-115.979771512
595036.989025,4078386.63988,-131.325517792
594830.598487,4078386.63988,-137.337180963
594280.642616,4078386.63988,-152.419526218
609193.254472,4078386.63988,78.3805941184
608647.060627,4078386.63988,68.7577773176
608437.284842,4078386.63988,65.0690763641
607890.972707,4078386.63988,55.9568460138
605413.535524,4078386.63988,19.4693035894
604866.679641,4078386.63988,12.4194380856
605622.740301,4078386.63988,22.3682246948
606169.454388,4078386.63988,29.8034108289
604081.02531,4078386.63988,2.70448001904
604655.153737,4078386.63988,9.61648761234
606378.808778,4078386.63988,32.7967316261
606925.382182,4078386.63988,40.7202001783
607681.325783,4078386.63988,52.4746683915
607134.887886,4078386.63988,43.9462002652
594074.821795,4078386.63988,-158.084411039
594002.783437,4078386.63988,-159.965987879
609525.832309,4078386.63988,84.5138504355
609403.153872,4078386.63988,82.2462032481
